"source_file","old_url","suggested_new_path","status"
"src\content\news\2026\2026-02-05-order-12-vacancy-competition.md","https://inmech.kyiv.ua/doc/Order12.pdf","public/vacancies/2026-02-05-competition-16/order-competition.pdf","canonical-vacancy-archive"
"src\content\news\2026\2026-03-05-dynnik-book.md","https://inmech.kyiv.ua/doc/Dynnik.pdf","public/documents/library/history-publications/dynnik.pdf","to-download"
"src\content\news\2026\2026-03-17-order-24-competition-results.md","https://inmech.kyiv.ua/doc/Order24.pdf","public/vacancies/2026-02-05-competition-16/order-participants.pdf","canonical-vacancy-archive"
"src\content\news\2026\2026-03-24-order-29-competition-results.md","https://inmech.kyiv.ua/doc/Order29.pdf","public/vacancies/2026-02-05-competition-16/order-results.pdf","canonical-vacancy-archive"
"src\content\news\2026\2026-04-16-director-election-order.md","https://inmech.kyiv.ua/doc/Document_2026-04-16_114124.pdf","public/documents/institute/orders/director-election-order-2026-04-16.pdf","to-download"
"src\content\news\2026\2026-04-21-order-44-vacancy-competition.md","https://inmech.kyiv.ua/doc/Order44.pdf","public/documents/institute/orders/order-44-vacancy-competition.pdf","to-download"
"src\data\defenseMaterialsArchive.ts","https://inmech.kyiv.ua/doc/postgraduate/dis/2021/26ref.pdf","public/documents/dissertations/archive/2021/26ref.pdf","to-download"
"src\data\defenseMaterialsArchive.ts","https://inmech.kyiv.ua/doc/postgraduate/dis/2021/26dis.pdf","public/documents/dissertations/archive/2021/26dis.pdf","to-download"
"src\data\defenseMaterialsArchive.ts","https://inmech.kyiv.ua/doc/postgraduate/dis/2021/25ref.docx","public/documents/dissertations/archive/2021/25ref.docx","to-download"
"src\data\defenseMaterialsArchive.ts","https://inmech.kyiv.ua/doc/postgraduate/dis/2021/25dis.docx","public/documents/dissertations/archive/2021/25dis.docx","to-download"
"src\data\defenseMaterialsArchive.ts","https://inmech.kyiv.ua/doc/postgraduate/dis/2021/24dis.pdf","public/documents/dissertations/archive/2021/24dis.pdf","to-download"
"src\data\defenseMaterialsArchive.ts","https://inmech.kyiv.ua/doc/postgraduate/dis/2020/23ref.pdf","public/documents/dissertations/archive/2020/23ref.pdf","to-download"
"src\data\defenseMaterialsArchive.ts","https://inmech.kyiv.ua/doc/postgraduate/dis/2020/23dis.pdf","public/documents/dissertations/archive/2020/23dis.pdf","to-download"
"src\data\defenseMaterialsArchive.ts","https://inmech.kyiv.ua/doc/postgraduate/dis/2019/22ref.pdf","public/documents/dissertations/archive/2019/22ref.pdf","to-download"
"src\data\defenseMaterialsArchive.ts","https://inmech.kyiv.ua/doc/postgraduate/dis/2019/22dis.pdf","public/documents/dissertations/archive/2019/22dis.pdf","to-download"
"src\data\defenseMaterialsArchive.ts","https://inmech.kyiv.ua/doc/postgraduate/dis/2019/21ref.pdf","public/documents/dissertations/archive/2019/21ref.pdf","to-download"
"src\data\defenseMaterialsArchive.ts","https://inmech.kyiv.ua/doc/postgraduate/dis/2019/21dis_last.pdf","public/documents/dissertations/archive/2019/21dis-last.pdf","to-download"
"src\data\defenseMaterialsArchive.ts","https://inmech.kyiv.ua/doc/postgraduate/dis/2019/20ref.rar","public/documents/dissertations/archive/2019/20ref.rar","to-download"
"src\data\defenseMaterialsArchive.ts","https://inmech.kyiv.ua/doc/postgraduate/dis/2019/20dis.zip","public/documents/dissertations/archive/2019/20dis.zip","to-download"
"src\data\defenseMaterialsArchive.ts","https://inmech.kyiv.ua/doc/postgraduate/dis/2019/19dis.rar","public/documents/dissertations/archive/2019/19dis.rar","to-download"
"src\data\defenseMaterialsArchive.ts","https://inmech.kyiv.ua/doc/postgraduate/dis/2019/18refer.pdf","public/documents/dissertations/archive/2019/18refer.pdf","to-download"
"src\data\defenseMaterialsArchive.ts","https://inmech.kyiv.ua/doc/postgraduate/dis/2019/18dis.pdf","public/documents/dissertations/archive/2019/18dis.pdf","to-download"
"src\data\defenseMaterialsArchive.ts","https://inmech.kyiv.ua/doc/postgraduate/dis/2019/17refer.pdf","public/documents/dissertations/archive/2019/17refer.pdf","to-download"
"src\data\defenseMaterialsArchive.ts","https://inmech.kyiv.ua/doc/postgraduate/dis/2019/17dis.pdf","public/documents/dissertations/archive/2019/17dis.pdf","to-download"
"src\data\defenseMaterialsArchive.ts","https://inmech.kyiv.ua/doc/postgraduate/dis/2019/16refer.pdf","public/documents/dissertations/archive/2019/16refer.pdf","to-download"
"src\data\defenseMaterialsArchive.ts","https://inmech.kyiv.ua/doc/postgraduate/dis/2019/16dis.pdf","public/documents/dissertations/archive/2019/16dis.pdf","to-download"
"src\data\defenseMaterialsArchive.ts","https://inmech.kyiv.ua/doc/postgraduate/dis/2019/15refer.pdf","public/documents/dissertations/archive/2019/15refer.pdf","to-download"
"src\data\defenseMaterialsArchive.ts","https://inmech.kyiv.ua/doc/postgraduate/dis/2019/15dis.pdf","public/documents/dissertations/archive/2019/15dis.pdf","to-download"
"src\data\defenseMaterialsArchive.ts","https://inmech.kyiv.ua/doc/postgraduate/dis/2018/14refer.pdf","public/documents/dissertations/archive/2018/14refer.pdf","to-download"
"src\data\defenseMaterialsArchive.ts","https://inmech.kyiv.ua/doc/postgraduate/dis/2018/14dis.pdf","public/documents/dissertations/archive/2018/14dis.pdf","to-download"
"src\data\defenseMaterialsArchive.ts","https://inmech.kyiv.ua/doc/postgraduate/dis/2018/13refer.pdf","public/documents/dissertations/archive/2018/13refer.pdf","to-download"
"src\data\defenseMaterialsArchive.ts","https://inmech.kyiv.ua/doc/postgraduate/dis/2018/13dis.pdf","public/documents/dissertations/archive/2018/13dis.pdf","to-download"
"src\data\defenseMaterialsArchive.ts","https://inmech.kyiv.ua/doc/postgraduate/dis/2018/12refer.pdf","public/documents/dissertations/archive/2018/12refer.pdf","to-download"
"src\data\defenseMaterialsArchive.ts","https://inmech.kyiv.ua/doc/postgraduate/dis/2018/12dis.pdf","public/documents/dissertations/archive/2018/12dis.pdf","to-download"
"src\data\defenseMaterialsArchive.ts","https://inmech.kyiv.ua/doc/postgraduate/dis/2017/11refer.pdf","public/documents/dissertations/archive/2017/11refer.pdf","to-download"
"src\data\defenseMaterialsArchive.ts","https://inmech.kyiv.ua/doc/postgraduate/dis/2017/11dis.pdf","public/documents/dissertations/archive/2017/11dis.pdf","to-download"
"src\data\defenseMaterialsArchive.ts","https://inmech.kyiv.ua/doc/postgraduate/dis/2016/10refer.pdf","public/documents/dissertations/archive/2016/10refer.pdf","to-download"
"src\data\defenseMaterialsArchive.ts","https://inmech.kyiv.ua/doc/postgraduate/dis/2016/10dis.pdf","public/documents/dissertations/archive/2016/10dis.pdf","to-download"
"src\data\defenseMaterialsArchive.ts","https://inmech.kyiv.ua/doc/postgraduate/dis/2016/09refer.pdf","public/documents/dissertations/archive/2016/09refer.pdf","to-download"
"src\data\defenseMaterialsArchive.ts","https://inmech.kyiv.ua/doc/postgraduate/dis/2016/09dis.pdf","public/documents/dissertations/archive/2016/09dis.pdf","to-download"
"src\data\defenseMaterialsArchive.ts","https://inmech.kyiv.ua/doc/postgraduate/dis/2016/08refer.pdf","public/documents/dissertations/archive/2016/08refer.pdf","to-download"
"src\data\defenseMaterialsArchive.ts","https://inmech.kyiv.ua/doc/postgraduate/dis/2016/08dis.zip","public/documents/dissertations/archive/2016/08dis.zip","to-download"
"src\data\defenseMaterialsArchive.ts","https://inmech.kyiv.ua/doc/postgraduate/dis/2016/07refer1.pdf","public/documents/dissertations/archive/2016/07refer1.pdf","to-download"
"src\data\defenseMaterialsArchive.ts","https://inmech.kyiv.ua/doc/postgraduate/dis/2016/07dis.pdf","public/documents/dissertations/archive/2016/07dis.pdf","to-download"
"src\data\defenseMaterialsArchive.ts","https://inmech.kyiv.ua/doc/postgraduate/dis/2016/06refer.pdf","public/documents/dissertations/archive/2016/06refer.pdf","to-download"
"src\data\defenseMaterialsArchive.ts","https://inmech.kyiv.ua/doc/postgraduate/dis/2016/06dis.pdf","public/documents/dissertations/archive/2016/06dis.pdf","to-download"
"src\data\defenseMaterialsArchive.ts","https://inmech.kyiv.ua/doc/postgraduate/dis/2016/05refer1.pdf","public/documents/dissertations/archive/2016/05refer1.pdf","to-download"
"src\data\defenseMaterialsArchive.ts","https://inmech.kyiv.ua/doc/postgraduate/dis/2016/05dis.pdf","public/documents/dissertations/archive/2016/05dis.pdf","to-download"
"src\data\defenseMaterialsArchive.ts","https://inmech.kyiv.ua/doc/postgraduate/dis/2016/04refer.pdf","public/documents/dissertations/archive/2016/04refer.pdf","to-download"
"src\data\defenseMaterialsArchive.ts","https://inmech.kyiv.ua/doc/postgraduate/dis/2016/04dis.pdf","public/documents/dissertations/archive/2016/04dis.pdf","to-download"
"src\data\defenseMaterialsArchive.ts","https://inmech.kyiv.ua/doc/postgraduate/dis/2016/03refer.doc","public/documents/dissertations/archive/2016/03refer.doc","to-download"
"src\data\defenseMaterialsArchive.ts","https://inmech.kyiv.ua/doc/postgraduate/dis/2016/03dis.doc","public/documents/dissertations/archive/2016/03dis.doc","to-download"
"src\data\defenseMaterialsArchive.ts","https://inmech.kyiv.ua/doc/postgraduate/dis/2016/02refer.pdf","public/documents/dissertations/archive/2016/02refer.pdf","to-download"
"src\data\defenseMaterialsArchive.ts","https://inmech.kyiv.ua/doc/postgraduate/dis/2016/02dis.pdf","public/documents/dissertations/archive/2016/02dis.pdf","to-download"
"src\data\defenseMaterialsArchive.ts","https://inmech.kyiv.ua/doc/postgraduate/dis/2015/01refer.pdf","public/documents/dissertations/archive/2015/01refer.pdf","to-download"
"src\data\defenseMaterialsArchive.ts","https://inmech.kyiv.ua/doc/postgraduate/dis/2015/01dis.pdf","public/documents/dissertations/archive/2015/01dis.pdf","to-download"
"src\pages\dissertations.astro","https://inmech.kyiv.ua/doc/postgraduate/dis/2026/01/refer.pdf","public/documents/dissertations/2026/01/abstract.pdf","to-download"
"src\pages\dissertations.astro","https://inmech.kyiv.ua/doc/postgraduate/dis/2026/01/dis.pdf","public/documents/dissertations/2026/01/dissertation.pdf","to-download"
"src\pages\dissertations.astro","https://inmech.kyiv.ua/doc/postgraduate/dis/2026/01/v.pdf","public/documents/dissertations/2026/01/conclusion.pdf","to-download"
"src\pages\dissertations.astro","https://inmech.kyiv.ua/doc/postgraduate/dis/2026/01/oblic.pdf","public/documents/dissertations/2026/01/record-card.pdf","to-download"
"src\pages\dissertations.astro","https://inmech.kyiv.ua/doc/postgraduate/dis/2026/01/vid1.pdf","public/documents/dissertations/2026/01/opponent-review-1.pdf","to-download"
"src\pages\dissertations.astro","https://inmech.kyiv.ua/doc/postgraduate/dis/2026/01/vid2.pdf","public/documents/dissertations/2026/01/opponent-review-2.pdf","to-download"
"src\pages\dissertations.astro","https://inmech.kyiv.ua/doc/postgraduate/dis/2026/01/vid3.pdf","public/documents/dissertations/2026/01/opponent-review-3.pdf","to-download"
"src\pages\dissertations.astro","https://inmech.kyiv.ua/doc/postgraduate/dis/2025/03/refer.pdf","public/documents/dissertations/2025/03/abstract.pdf","to-download"
"src\pages\dissertations.astro","https://inmech.kyiv.ua/doc/postgraduate/dis/2025/03/dis.pdf","public/documents/dissertations/2025/03/dissertation.pdf","to-download"
"src\pages\dissertations.astro","https://inmech.kyiv.ua/doc/postgraduate/dis/2025/03/v.pdf","public/documents/dissertations/2025/03/conclusion.pdf","to-download"
"src\pages\dissertations.astro","https://inmech.kyiv.ua/doc/postgraduate/dis/2025/03/oblic.pdf","public/documents/dissertations/2025/03/record-card.pdf","to-download"
"src\pages\dissertations.astro","https://inmech.kyiv.ua/doc/postgraduate/dis/2025/03/vid1.pdf","public/documents/dissertations/2025/03/opponent-review-1.pdf","to-download"
"src\pages\dissertations.astro","https://inmech.kyiv.ua/doc/postgraduate/dis/2025/03/vid2.pdf","public/documents/dissertations/2025/03/opponent-review-2.pdf","to-download"
"src\pages\dissertations.astro","https://inmech.kyiv.ua/doc/postgraduate/dis/2025/03/vid3.pdf","public/documents/dissertations/2025/03/opponent-review-3.pdf","to-download"
"src\pages\dissertations.astro","https://inmech.kyiv.ua/doc/postgraduate/dis/2025/02/refer.pdf","public/documents/dissertations/2025/02/abstract.pdf","to-download"
"src\pages\dissertations.astro","https://inmech.kyiv.ua/doc/postgraduate/dis/2025/02/dis.pdf","public/documents/dissertations/2025/02/dissertation.pdf","to-download"
"src\pages\dissertations.astro","https://inmech.kyiv.ua/doc/postgraduate/dis/2025/02/v_1.pdf","public/documents/dissertations/2025/02/conclusion.pdf","to-download"
"src\pages\dissertations.astro","https://inmech.kyiv.ua/doc/postgraduate/dis/2025/02/oblic.pdf","public/documents/dissertations/2025/02/record-card.pdf","to-download"
"src\pages\dissertations.astro","https://inmech.kyiv.ua/doc/postgraduate/dis/2025/02/vid1_1.pdf","public/documents/dissertations/2025/02/opponent-review-1.pdf","to-download"
"src\pages\dissertations.astro","https://inmech.kyiv.ua/doc/postgraduate/dis/2025/02/vid2_1.pdf","public/documents/dissertations/2025/02/opponent-review-2.pdf","to-download"
"src\pages\dissertations.astro","https://inmech.kyiv.ua/doc/postgraduate/dis/2025/02/vid3_1.pdf","public/documents/dissertations/2025/02/opponent-review-3.pdf","to-download"
"src\pages\dissertations.astro","https://inmech.kyiv.ua/doc/postgraduate/dis/2025/01/refer1.pdf","public/documents/dissertations/2025/01/refer1.pdf","to-download"
"src\pages\dissertations.astro","https://inmech.kyiv.ua/doc/postgraduate/dis/2025/01/dis2.pdf","public/documents/dissertations/2025/01/dissertation.pdf","to-download"
"src\pages\dissertations.astro","https://inmech.kyiv.ua/doc/postgraduate/dis/2025/01/v.pdf","public/documents/dissertations/2025/01/conclusion.pdf","to-download"
"src\pages\dissertations.astro","https://inmech.kyiv.ua/doc/postgraduate/dis/2025/01/oblic.pdf","public/documents/dissertations/2025/01/record-card.pdf","to-download"
"src\pages\dissertations.astro","https://inmech.kyiv.ua/doc/postgraduate/dis/2025/01/vid1.pdf","public/documents/dissertations/2025/01/opponent-review-1.pdf","to-download"
"src\pages\dissertations.astro","https://inmech.kyiv.ua/doc/postgraduate/dis/2025/01/vid2.pdf","public/documents/dissertations/2025/01/opponent-review-2.pdf","to-download"
"src\pages\dissertations.astro","https://inmech.kyiv.ua/doc/postgraduate/dis/2025/01/vid3.pdf","public/documents/dissertations/2025/01/opponent-review-3.pdf","to-download"
"src\pages\doctoral.astro","https://inmech.kyiv.ua/doc/postgraduate/2023_doct.docx","public/documents/doctoral/admission/doctoral-admission-rules.docx","to-download"
"src\pages\doctoral.astro","https://inmech.kyiv.ua/doc/postgraduate/rating_2024_2025.pdf","public/documents/postgraduate/nmr/teacher-rating-2024-2025.pdf","to-download"
"src\pages\license-and-regulations.astro","https://inmech.kyiv.ua/doc/postgraduate/2018_asp.pdf","public/documents/postgraduate/license/license-order-2018.pdf","to-download"
"src\pages\license-and-regulations.astro","https://inmech.kyiv.ua/doc/postgraduate/postgraduate38.pdf","public/documents/postgraduate/license/edebo-extract.pdf","to-download"
"src\pages\license-and-regulations.astro","https://inmech.kyiv.ua/doc/postgraduate/postgraduate33.pdf","public/documents/postgraduate/regulations/educational-process/educational-process-regulation.pdf","to-download"
"src\pages\license-and-regulations.astro","https://inmech.kyiv.ua/doc/postgraduate/postgraduate34.pdf","public/documents/postgraduate/regulations/educational-process/pedagogical-practice-regulation.pdf","to-download"
"src\pages\license-and-regulations.astro","https://inmech.kyiv.ua/doc/postgraduate/postgraduate17.pdf","public/documents/postgraduate/regulations/educational-process/distance-learning-regulation.pdf","to-download"
"src\pages\license-and-regulations.astro","https://inmech.kyiv.ua/doc/postgraduate/postgraduate21.pdf","public/documents/postgraduate/regulations/educational-process/inclusive-education-regulation.pdf","to-download"
"src\pages\license-and-regulations.astro","https://inmech.kyiv.ua/doc/postgraduate/2023_asp1.pdf","public/documents/postgraduate/regulations/admission/admissions-committee-regulation.pdf","to-download"
"src\pages\license-and-regulations.astro","https://inmech.kyiv.ua/doc/postgraduate/postgraduate35.pdf","public/documents/postgraduate/regulations/admission/appeal-committee-regulation.pdf","to-download"
"src\pages\license-and-regulations.astro","https://inmech.kyiv.ua/doc/postgraduate/postgraduate37.pdf","public/documents/postgraduate/regulations/admission/elective-courses-regulation.pdf","to-download"
"src\pages\license-and-regulations.astro","https://inmech.kyiv.ua/doc/postgraduate/postgraduate11.pdf","public/documents/postgraduate/regulations/admission/academic-mobility-regulation.pdf","to-download"
"src\pages\license-and-regulations.astro","https://inmech.kyiv.ua/doc/postgraduate/postgraduate36.pdf","public/documents/postgraduate/regulations/admission/informal-learning-recognition-regulation.pdf","to-download"
"src\pages\license-and-regulations.astro","https://inmech.kyiv.ua/doc/postgraduate/postgraduate31.pdf","public/documents/postgraduate/regulations/quality-and-integrity/academic-integrity-regulation.pdf","to-download"
"src\pages\license-and-regulations.astro","https://inmech.kyiv.ua/doc/postgraduate/postgraduate32.pdf","public/documents/postgraduate/regulations/quality-and-integrity/conflict-prevention-regulation.pdf","to-download"
"src\pages\license-and-regulations.astro","https://inmech.kyiv.ua/doc/postgraduate/postgraduate15.pdf","public/documents/postgraduate/regulations/quality-and-integrity/program-guarantor-regulation.pdf","to-download"
"src\pages\license-and-regulations.astro","https://inmech.kyiv.ua/doc/postgraduate/postgraduate16.pdf","public/documents/postgraduate/regulations/quality-and-integrity/project-group-regulation.pdf","to-download"
"src\pages\license-and-regulations.astro","https://inmech.kyiv.ua/doc/postgraduate/polozhennya_pro_konkurs_2021.pdf","public/documents/postgraduate/regulations/staff-and-methodology/staff-competition-regulation-2021.pdf","to-download"
"src\pages\license-and-regulations.astro","https://inmech.kyiv.ua/doc/postgraduate/postgraduate18.pdf","public/documents/postgraduate/regulations/staff-and-methodology/nmr-regulation.pdf","to-download"
"src\pages\nmr.astro","https://inmech.kyiv.ua/doc/postgraduate/nmr_members.docx","public/documents/postgraduate/nmr/nmr-members.docx","to-download"
"src\pages\nmr.astro","https://inmech.kyiv.ua/doc/postgraduate/reting_rules.pdf","public/documents/postgraduate/nmr/teacher-rating-rules.pdf","to-download"
"src\pages\nmr.astro","https://inmech.kyiv.ua/doc/postgraduate/rating_2024_2025.pdf","public/documents/postgraduate/nmr/teacher-rating-2024-2025.pdf","to-download"
"src\pages\nmr.astro","https://inmech.kyiv.ua/doc/postgraduate/selection_procedure.pdf","public/documents/postgraduate/nmr/teacher-selection-procedure.pdf","to-download"
"src\pages\postgraduate\accreditation.astro","https://inmech.kyiv.ua/doc/postgraduate/program.pdf","public/documents/postgraduate/accreditation/2026/expert-group-program-2026.pdf","to-download"
"src\pages\postgraduate\accreditation.astro","https://inmech.kyiv.ua/doc/postgraduate/self-assessment.pdf","public/documents/postgraduate/accreditation/2026/self-assessment-2026.pdf","to-download"
"src\pages\postgraduate\admission.astro","https://inmech.kyiv.ua/doc/postgraduate/2026/pravyla_pryjomu_2026.pdf","public/documents/postgraduate/admission/2026/admission-rules-2026.pdf","to-download"
"src\pages\postgraduate\admission.astro","https://inmech.kyiv.ua/doc/postgraduate/2026/vymogy_do_dd_2026.pdf","public/documents/postgraduate/admission/2026/research-proposal-requirements-2026.pdf","to-download"
"src\pages\postgraduate\admission.astro","https://inmech.kyiv.ua/doc/postgraduate/2026/exame_program.pdf","public/documents/postgraduate/admission/2026/entrance-exam-program-2026.pdf","to-download"
"src\pages\postgraduate\admission.astro","https://inmech.kyiv.ua/doc/postgraduate/2026/poryadok_ocinyuvannya_2026.pdf","public/documents/postgraduate/admission/2026/assessment-procedure-2026.pdf","to-download"
"src\pages\postgraduate\program.astro","https://inmech.kyiv.ua/doc/postgraduate/onp/2025.pdf","public/documents/postgraduate/program/onp/educational-program-2025.pdf","to-download"
"src\pages\postgraduate\program.astro","https://inmech.kyiv.ua/doc/postgraduate/np/np_2025.pdf","public/documents/postgraduate/program/curricula/curriculum-2025.pdf","to-download"
"src\pages\postgraduate\program.astro","https://inmech.kyiv.ua/doc/postgraduate/onp/2024.pdf","public/documents/postgraduate/program/onp/educational-program-2024.pdf","to-download"
"src\pages\postgraduate\program.astro","https://inmech.kyiv.ua/doc/postgraduate/np/np_2024.pdf","public/documents/postgraduate/program/curricula/curriculum-2024.pdf","to-download"
"src\pages\postgraduate\program.astro","https://inmech.kyiv.ua/doc/postgraduate/onp/2023.pdf","public/documents/postgraduate/program/onp/educational-program-2023.pdf","to-download"
"src\pages\postgraduate\program.astro","https://inmech.kyiv.ua/doc/postgraduate/np/np_2023.pdf","public/documents/postgraduate/program/curricula/curriculum-2023.pdf","to-download"
"src\pages\postgraduate\program.astro","https://inmech.kyiv.ua/doc/postgraduate/onp/2022.pdf","public/documents/postgraduate/program/onp/educational-program-2022.pdf","to-download"
"src\pages\postgraduate\program.astro","https://inmech.kyiv.ua/doc/postgraduate/np/np_2022.pdf","public/documents/postgraduate/program/curricula/curriculum-2022.pdf","to-download"
"src\pages\postgraduate\program.astro","https://inmech.kyiv.ua/doc/postgraduate/program/2024/ok1-rp-2024.pdf","public/documents/postgraduate/program/syllabi/2024/ok1-rp-2024.pdf","to-download"
"src\pages\postgraduate\program.astro","https://inmech.kyiv.ua/doc/postgraduate/program/2025/ok2-rp-2025.pdf","public/documents/postgraduate/program/syllabi/2025/ok2-rp-2025.pdf","to-download"
"src\pages\postgraduate\program.astro","https://inmech.kyiv.ua/doc/postgraduate/program/2025/ok3-syl-2025.pdf","public/documents/postgraduate/program/syllabi/2025/ok3-syl-2025.pdf","to-download"
"src\pages\postgraduate\program.astro","https://inmech.kyiv.ua/doc/postgraduate/program/2024/ok3-syl-2024.pdf","public/documents/postgraduate/program/syllabi/2024/ok3-syl-2024.pdf","to-download"
"src\pages\postgraduate\program.astro","https://inmech.kyiv.ua/doc/postgraduate/program/2025/ok4-syl-2025.pdf","public/documents/postgraduate/program/syllabi/2025/ok4-syl-2025.pdf","to-download"
"src\pages\postgraduate\program.astro","https://inmech.kyiv.ua/doc/postgraduate/program/2024/ok4-syl-2024.pdf","public/documents/postgraduate/program/syllabi/2024/ok4-syl-2024.pdf","to-download"
"src\pages\postgraduate\program.astro","https://inmech.kyiv.ua/doc/postgraduate/program/2025/ok5-syl-2025.pdf","public/documents/postgraduate/program/syllabi/2025/ok5-syl-2025.pdf","to-download"
"src\pages\postgraduate\program.astro","https://inmech.kyiv.ua/doc/postgraduate/program/2024/ok5-syl-2024.pdf","public/documents/postgraduate/program/syllabi/2024/ok5-syl-2024.pdf","to-download"
"src\pages\postgraduate\program.astro","https://inmech.kyiv.ua/doc/postgraduate/program/2025/ok6-syl-2025.pdf","public/documents/postgraduate/program/syllabi/2025/ok6-syl-2025.pdf","to-download"
"src\pages\postgraduate\program.astro","https://inmech.kyiv.ua/doc/postgraduate/program/2024/ok6-syl-2024.pdf","public/documents/postgraduate/program/syllabi/2024/ok6-syl-2024.pdf","to-download"
"src\pages\postgraduate\program.astro","https://inmech.kyiv.ua/doc/postgraduate/program/2025/ok7-syl-2025.pdf","public/documents/postgraduate/program/syllabi/2025/ok7-syl-2025.pdf","to-download"
"src\pages\postgraduate\program.astro","https://inmech.kyiv.ua/doc/postgraduate/program/2024/ok7-syl-2024.pdf","public/documents/postgraduate/program/syllabi/2024/ok7-syl-2024.pdf","to-download"
"src\pages\postgraduate\program.astro","https://inmech.kyiv.ua/doc/postgraduate/program/2025/ok8-syl-2025.pdf","public/documents/postgraduate/program/syllabi/2025/ok8-syl-2025.pdf","to-download"
"src\pages\postgraduate\program.astro","https://inmech.kyiv.ua/doc/postgraduate/program/2024/ok8-syl-2024.pdf","public/documents/postgraduate/program/syllabi/2024/ok8-syl-2024.pdf","to-download"
"src\pages\postgraduate\program.astro","https://inmech.kyiv.ua/doc/postgraduate/program/2025/vk1-syl-2025.pdf","public/documents/postgraduate/program/syllabi/2025/vk1-syl-2025.pdf","to-download"
"src\pages\postgraduate\program.astro","https://inmech.kyiv.ua/doc/postgraduate/program/2024/vk1-syl-2024.pdf","public/documents/postgraduate/program/syllabi/2024/vk1-syl-2024.pdf","to-download"
"src\pages\postgraduate\program.astro","https://inmech.kyiv.ua/doc/postgraduate/program/2025/vk2-syl-2025.pdf","public/documents/postgraduate/program/syllabi/2025/vk2-syl-2025.pdf","to-download"
"src\pages\postgraduate\program.astro","https://inmech.kyiv.ua/doc/postgraduate/program/2024/vk2-syl-2024.pdf","public/documents/postgraduate/program/syllabi/2024/vk2-syl-2024.pdf","to-download"
"src\pages\postgraduate\program.astro","https://inmech.kyiv.ua/doc/postgraduate/program/2025/vk3-syl%20-2025.pdf","public/documents/postgraduate/program/syllabi/2025/vk3-syl-2025.pdf","to-download"
"src\pages\postgraduate\program.astro","https://inmech.kyiv.ua/doc/postgraduate/program/2025/vk4-syl-2025.pdf","public/documents/postgraduate/program/syllabi/2025/vk4-syl-2025.pdf","to-download"
"src\pages\postgraduate\program.astro","https://inmech.kyiv.ua/doc/postgraduate/program/2024/vk4-syl-2024.pdf","public/documents/postgraduate/program/syllabi/2024/vk4-syl-2024.pdf","to-download"
"src\pages\postgraduate\program.astro","https://inmech.kyiv.ua/doc/postgraduate/program/2025/vk5-syl-2025.pdf","public/documents/postgraduate/program/syllabi/2025/vk5-syl-2025.pdf","to-download"
"src\pages\postgraduate\program.astro","https://inmech.kyiv.ua/doc/postgraduate/program/2024/vk5-syl-2024.pdf","public/documents/postgraduate/program/syllabi/2024/vk5-syl-2024.pdf","to-download"
"src\pages\postgraduate\program.astro","https://inmech.kyiv.ua/doc/postgraduate/program/2025/vk6-syl-2025.pdf","public/documents/postgraduate/program/syllabi/2025/vk6-syl-2025.pdf","to-download"
"src\pages\postgraduate\program.astro","https://inmech.kyiv.ua/doc/postgraduate/program/2024/vk6-syl-2024.pdf","public/documents/postgraduate/program/syllabi/2024/vk6-syl-2024.pdf","to-download"
"src\pages\postgraduate\program.astro","https://inmech.kyiv.ua/doc/postgraduate/program/2025/vk7-syl-2025.pdf","public/documents/postgraduate/program/syllabi/2025/vk7-syl-2025.pdf","to-download"
"src\pages\postgraduate\program.astro","https://inmech.kyiv.ua/doc/postgraduate/program/2024/vk7-syl-2024.pdf","public/documents/postgraduate/program/syllabi/2024/vk7-syl-2024.pdf","to-download"
"src\pages\postgraduate\program.astro","https://inmech.kyiv.ua/doc/postgraduate/program/2025/vk8-syl-2025.pdf","public/documents/postgraduate/program/syllabi/2025/vk8-syl-2025.pdf","to-download"
"src\pages\postgraduate\program.astro","https://inmech.kyiv.ua/doc/postgraduate/program/2024/vk8-syl-2024.pdf","public/documents/postgraduate/program/syllabi/2024/vk8-syl-2024.pdf","to-download"
"src\pages\postgraduate\program.astro","https://inmech.kyiv.ua/doc/postgraduate/program/2025/vk9-syl-2025.pdf","public/documents/postgraduate/program/syllabi/2025/vk9-syl-2025.pdf","to-download"
"src\pages\postgraduate\program.astro","https://inmech.kyiv.ua/doc/postgraduate/program/2024/vk9-syl-2024.pdf","public/documents/postgraduate/program/syllabi/2024/vk9-syl-2024.pdf","to-download"
"src\pages\postgraduate\program.astro","https://inmech.kyiv.ua/doc/postgraduate/program/2025/vk10-syl-2025.pdf","public/documents/postgraduate/program/syllabi/2025/vk10-syl-2025.pdf","to-download"
"src\pages\postgraduate\program.astro","https://inmech.kyiv.ua/doc/postgraduate/program/2024/vk10-syl-2024.pdf","public/documents/postgraduate/program/syllabi/2024/vk10-syl-2024.pdf","to-download"
"src\pages\postgraduate\program.astro","https://inmech.kyiv.ua/doc/postgraduate/vidguk/vidguk-1-2026.pdf","public/documents/postgraduate/program/reviews/2026/review-1-2026.pdf","to-download"
"src\pages\postgraduate\program.astro","https://inmech.kyiv.ua/doc/postgraduate/vidguk/vidguk-2-2026.pdf","public/documents/postgraduate/program/reviews/2026/review-2-2026.pdf","to-download"
"src\pages\postgraduate\program.astro","https://inmech.kyiv.ua/doc/postgraduate/vidguk/vidguk-3-2026.pdf","public/documents/postgraduate/program/reviews/2026/review-3-2026.pdf","to-download"
"src\pages\postgraduate\program.astro","https://inmech.kyiv.ua/doc/postgraduate/vidguk/vidguk-2026-4.pdf","public/documents/postgraduate/program/reviews/2026/review-2026-4.pdf","to-download"
"src\pages\postgraduate\program.astro","https://inmech.kyiv.ua/doc/postgraduate/vidguk/vidguk-1-2025.pdf","public/documents/postgraduate/program/reviews/2025/review-1-2025.pdf","to-download"
"src\pages\postgraduate\program.astro","https://inmech.kyiv.ua/doc/postgraduate/vidguk/vidguk-2-2025.pdf","public/documents/postgraduate/program/reviews/2025/review-2-2025.pdf","to-download"
"src\pages\postgraduate\program.astro","https://inmech.kyiv.ua/doc/postgraduate/vidguk/vidguk-1-2024.pdf","public/documents/postgraduate/program/reviews/2024/review-1-2024.pdf","to-download"
"src\pages\postgraduate\program.astro","https://inmech.kyiv.ua/doc/postgraduate/vidguk/vidguk-2-2024.pdf","public/documents/postgraduate/program/reviews/2024/review-2-2024.pdf","to-download"
"src\pages\postgraduate\program.astro","https://inmech.kyiv.ua/doc/postgraduate/vidguk/vidguk-1-2023.pdf","public/documents/postgraduate/program/reviews/2023/review-1-2023.pdf","to-download"
"src\pages\postgraduate\program.astro","https://inmech.kyiv.ua/doc/postgraduate/vidguk/vidguk-2-2023.pdf","public/documents/postgraduate/program/reviews/2023/review-2-2023.pdf","to-download"
"src\pages\postgraduate\program.astro","https://inmech.kyiv.ua/doc/postgraduate/vidguk/vidguk-3-2023.pdf","public/documents/postgraduate/program/reviews/2023/review-3-2023.pdf","to-download"
"src\pages\postgraduate\program.astro","https://inmech.kyiv.ua/doc/postgraduate/vidguk/vidguk-4-2023.pdf","public/documents/postgraduate/program/reviews/2023/review-4-2023.pdf","to-download"
"src\pages\postgraduate\program.astro","https://inmech.kyiv.ua/doc/postgraduate/vidguk/vidguk-1-2022.pdf","public/documents/postgraduate/program/reviews/2022/review-1-2022.pdf","to-download"
"src\pages\postgraduate\program.astro","https://inmech.kyiv.ua/doc/postgraduate/vidguk/vidguk-2-2022.pdf","public/documents/postgraduate/program/reviews/2022/review-2-2022.pdf","to-download"
"src\pages\postgraduate\program.astro","https://inmech.kyiv.ua/doc/postgraduate/opit/ro-1-kurs-02-2026.pdf","public/documents/postgraduate/program/surveys/2026/survey-1-kurs-02-2026.pdf","to-download"
"src\pages\postgraduate\program.astro","https://inmech.kyiv.ua/doc/postgraduate/opit/ro-09-2025.pdf","public/documents/postgraduate/program/surveys/2025/survey-09-2025.pdf","to-download"
"src\pages\postgraduate\program.astro","https://inmech.kyiv.ua/doc/postgraduate/opit/ro-ok3-04-2026.pdf","public/documents/postgraduate/program/surveys/2026/survey-ok3-04-2026.pdf","to-download"
"src\pages\postgraduate\program.astro","https://inmech.kyiv.ua/doc/postgraduate/opit/ro-ok4-04-2026.pdf","public/documents/postgraduate/program/surveys/2026/survey-ok4-04-2026.pdf","to-download"
"src\pages\postgraduate\program.astro","https://inmech.kyiv.ua/doc/postgraduate/opit/ro-ok5-04-2026.pdf","public/documents/postgraduate/program/surveys/2026/survey-ok5-04-2026.pdf","to-download"
"src\pages\postgraduate\program.astro","https://inmech.kyiv.ua/doc/postgraduate/opit/ro-ok6-04-2026.pdf","public/documents/postgraduate/program/surveys/2026/survey-ok6-04-2026.pdf","to-download"
"src\pages\postgraduate\schedule.astro","https://inmech.kyiv.ua/doc/postgraduate/shedule/2025_2026/shedule_2025_2026_1.pdf","public/documents/postgraduate/schedule/2025-2026/year-1.pdf","to-download"
"src\pages\postgraduate\schedule.astro","https://inmech.kyiv.ua/doc/postgraduate/shedule/2025_2026/shedule_2025_2026_2.pdf","public/documents/postgraduate/schedule/2025-2026/year-2.pdf","to-download"
"src\pages\postgraduate\schedule.astro","https://inmech.kyiv.ua/doc/postgraduate/shedule/2025_2026/shedule_2025_2026_3.pdf","public/documents/postgraduate/schedule/2025-2026/year-3.pdf","to-download"
"src\pages\regulations.astro","https://inmech.kyiv.ua/doc/doc/stat_2023_1.pdf","public/documents/institute/statute/statute-2023.pdf","to-download"
"src\pages\regulations.astro","https://inmech.kyiv.ua/doc/doc/stat_2016.pdf","public/documents/institute/statute/statute-2016.pdf","to-download"
"src\pages\regulations.astro","https://inmech.kyiv.ua/doc/doc/stat_2003.pdf","public/documents/institute/statute/statute-2003.pdf","to-download"
"src\pages\scientific-cooperation.astro","https://inmech.kyiv.ua/l/ua/ns/doc/2026.03.12_Dogovor_IMP.pdf","public/documents/scientific-cooperation/2026-03-12-dogovor-imp.pdf","to-download"
"src\pages\scientific-cooperation.astro","https://inmech.kyiv.ua/l/ua/ns/doc/2026.02.13_KPI.pdf","public/documents/scientific-cooperation/2026-02-13-kpi.pdf","to-download"
"src\pages\scientific-cooperation.astro","https://inmech.kyiv.ua/l/ua/ns/doc/2026.02.27_KPI.pdf","public/documents/scientific-cooperation/2026-02-27-kpi.pdf","to-download"
"src\pages\scientific-cooperation.astro","https://inmech.kyiv.ua/l/ua/ns/doc/2025.12.26_NUK.pdf","public/documents/scientific-cooperation/2025-12-26-nuk.pdf","to-download"
"src\pages\scientific-cooperation.astro","https://inmech.kyiv.ua/l/ua/ns/doc/2025.01.01_VMURL.pdf","public/documents/scientific-cooperation/2025-01-01-vmurl.pdf","to-download"
"src\pages\scientific-cooperation.astro","https://inmech.kyiv.ua/l/ua/ns/doc/2025_NTU.pdf","public/documents/scientific-cooperation/2025-ntu.pdf","to-download"
"src\pages\scientific-cooperation.astro","https://inmech.kyiv.ua/l/ua/ns/doc/2024.05.02_NUBIP.pdf","public/documents/scientific-cooperation/2024-05-02-nubip.pdf","to-download"
"src\pages\scientific-cooperation.astro","https://inmech.kyiv.ua/l/ua/ns/doc/2025.04.17_KNU.pdf","public/documents/scientific-cooperation/2025-04-17-knu.pdf","to-download"
"src\pages\scientific-cooperation.astro","https://inmech.kyiv.ua/l/ua/ns/doc/2025.03.25_AGREEMENT_W%C3%BCrzburg.pdf","public/documents/scientific-cooperation/2025-03-25-agreement-wurzburg.pdf","to-download"
"src\pages\scientific-cooperation.astro","https://inmech.kyiv.ua/l/ua/ns/doc/2025.03.04_KNUBA.pdf","public/documents/scientific-cooperation/2025-03-04-knuba.pdf","to-download"
"src\pages\scientific-cooperation.astro","https://inmech.kyiv.ua/l/ua/ns/doc/2022.03.28_CICY.pdf","public/documents/scientific-cooperation/2022-03-28-cicy.pdf","to-download"
"src\pages\scientific-cooperation.astro","https://inmech.kyiv.ua/l/ua/ns/doc/2024.10.22_MNAU.pdf","public/documents/scientific-cooperation/2024-10-22-mnau.pdf","to-download"
"src\pages\scientific-cooperation.astro","https://inmech.kyiv.ua/l/ua/ns/doc/2025.08.05_plagiat.pdf","public/documents/scientific-cooperation/2025-08-05-plagiat.pdf","to-download"
"src\pages\scientific-cooperation.astro","https://inmech.kyiv.ua/l/ua/ns/doc/2026.01.15_GIDRO.pdf","public/documents/scientific-cooperation/2026-01-15-gidro.pdf","to-download"
"src\pages\strategy.astro","https://inmech.kyiv.ua/doc/doc/strategy.pdf","public/documents/institute/strategy/development-strategy-2021-2025.pdf","to-download"
"src\pages\young-scientists.astro","https://inmech.kyiv.ua/doc/young_scientists/doc1.pdf","public/documents/young-scientists/regulations/nasu-young-scientists-council-regulation.pdf","to-download"
"src\pages\young-scientists.astro","https://inmech.kyiv.ua/doc/young_scientists/doc2.pdf","public/documents/young-scientists/regulations/institute-young-scientists-council-regulation.pdf","to-download"
"src\pages\young-scientists.astro","https://inmech.kyiv.ua/doc/young_scientists/doc3.pdf","public/documents/young-scientists/regulations/scientific-and-technical-activity-law.pdf","to-download"
